{
    "Sarsa": {
        "mean": 170.74,
        "std": 25.16172490112711
    },
    "QLearning": {
        "mean": 170.84,
        "std": 25.15301969943172
    },
    "ExpectedSarsa": {
        "mean": 170.98,
        "std": 25.14715888524984
    }
}